"CodProd","CodMat","DesProd","CantMat"
CAJ039002700330C20,PLA280021450004C20,PLACA 2800*2145 C20,0.130
CAJ059002400235C20,PLA270015700004C20,PLACA 2700*1570 C20,0.230
CAJ08000551010012C,PLA25001570000412C,PLACA 2500*1570 12C,0.250
CAJ115009500700C20,PLA250024500004C20,PLACA 2500*2450 C20,0.670
CAJ138506420215C20,PLA210021450004C20,PLACA 2100*2145 C20,0.500
CAJ253505400545D92,PLA280021450007D92,PLACA 2800*2145 D92,2.000
CUB10400185004009B,PLA11000780000309B,PLACA 1100*780 09B,0.500
EMP06000495009010C,PLA25001570000412C,PLACA 2500*1570 12C,0.170
EMP105008501000D92,PLA220021450007D92,PLACA 2200*2145 D92,3.000
EMP120000120100D92,PLA251521450007D92,PLACA 2515*2145 D92,0.300
EMP120000120145D92,PLA251521450007D92,PLACA 2515*2145 D92,0.400
EMP120008000700D92,PLA220021450007D92,PLACA 2200*2145 D92,1.340
EMP120009700835D92,PLA250024500004C20,PLACA 2500*2450 C20,1.000
EMP120009700835D92,PLA250024500004C20,PLACA 2500*2450 C20,1.000
EMP12001000000D92 ,PLA251521450007D92,PLACA 2515*2145 D92,0.500
EMP120010000014D92,PLA251521600007D92,PLACA 2515*2160 D92,0.500
EMP120010000600D94,PLA189021450007D94,PLACA 2350*2145 D94,1.340
EMP120010001000D92,PLA251521450007D92,PLACA 2515*2145 D92,1.000
EMP120010001000D92,PLA251521450007D92,PLACA 2515*2145 D92,1.000
EMP123000110140D92,PLA251521450007D92,PLACA 2515*2145 D92,0.430
EMP145008500850D94,PLA251521450007D92,PLACA 2515*2145 D92,2.000
EMP206010100021D98,PLA206010150007D98,PLACA 2060*1015 D98,12.000
EMP251510600021D92,PLA251521450007D92,PLACA 2515*2145 D92,1.500
EMP700700200875D98,PLA210019700007D98,PLACA 2100*1970 D98,1.000
EMP700700200875D98,PLA210019700007D98,PLACA 2100*1970 D98,1.000
EMP86008600500D94,PLA220021450007D94,PLACA 2200*2145 D94,1.000
EMPO78005750300D94,PLA220021450007D94,PLACA 2200*2145 D94,0.670
EMPO78005800600D94,PLA220021450007D94,PLACA 2200*2145 D94,1.340
REL0110002739.309B,PLA11000780000309B,PLACA 1100*780 09B,1.500
REL0110002739.509B,PLA11000780000309B,PLACA 1100*780 09B,1.550
REL0120002739.309B,PLA12000780000309B,PLACA 1200*780 09B,1.500
REL0120003239.310E,PLA12000780000210E,PLACA 1200*780 10E,1.800
REL0120003739.310E,PLA12000780000210E,PLACA 1200*780 10E,2.060
"REL0470000639,509B",PLA09500780000309B,PLACA 950*780 09B,0.170
REL0800003135.610E,PLA08000780000210E,PLACA 800*780 10E,1.900
REL0900002537.509B,PLA0900076500039B,PLACA 900*765 9B,1.400
REL0900002737.509B,PLA0900076500039B,PLACA 900*765 9B,1.500
REL0900002938.510E,PLA0900078000039B,PLACA 900*780 9B,1.200
REL0900002938.510E,PLA0900078000039B,PLACA 900*780 9B,1.200
REL0900003132.510E,PLA09500780000309B,PLACA 950*780 09B,1.000
REL0900003132.510E,PLA09500780000309B,PLACA 950*780 09B,1.000
REL0900003139.510E,PLA0900078000039B,PLACA 900*780 9B,1.170
REL0900003139.510E,PLA0900078000039B,PLACA 900*780 9B,1.170
REL0900003239.510E,PLA0900078000039B,PLACA 900*780 9B,1.200
REL0900003239.510E,PLA0900078000039B,PLACA 900*780 9B,1.200
REL0950000632.509B,PLA09500780000309B,PLACA 950*780 09B,0.300
REL0950000637.509B,PLA09500780000309B,PLACA 950*765 09B,0.340
REL0950000639.509B,PLA09500780000309B,PLACA 950*765 09B,0.340
REL0950001539.509B,PLA09500780000309B,PLACA 950*780 09B,0.830
REL0950001834.509B,PLA09500780000309B,PLACA 950*765 09B,0.900
REL0950001837.509B,PLA09500780000309B,PLACA 950*780 09B,0.950
REL0950001838.009B,PLA09500780000309B,PLACA 950*780 09B,0.950
REL0950001839.509B,PLA09500780000309B,PLACA 950*780 09B,1.000
REL0950001840.509B,PLA09500780000309B,PLACA 950*780 09B,0.940
REL0950002023.009B,PLA09500780000309B,PLACA 950*780 09B,0.690
REL0950002023.509B,PLA09500780000309B,PLACA 950*765 09B,0.720
REL0950002026.409B,PLA09500780000309B,PLACA 950*765 09B,0.800
REL0950002033.509B,PLA09500780000309B,PLACA 950*765 09B,1.000
EMP105008501000D94,PLA220021450007D94,PLACA 2200*2145 D94,1.000
EMP105008501000D94,PLA220021450007D94,PLACA 2200*2145 D94,1.000
EMP105008501050D94,PLA220021450007D94,PLACA 2200*2145 D94,1.000
EMP105008501050D94,PLA220021450007D94,PLACA 2200*2145 D94,1.000
EMP107009700890D92,PLA220021450007D92,PLACA 2200*2145 D92,2.000
EMP107009800660D94,PLA189021450007D94,PLACA 2350*2145 D94,1.340
EMP107010701010D94,PLA189021450007D94,PLACA 2350*2145 D94,2.000
EMP107310730340D92,PLA251521450007D92,PLACA 2515*2145 D92,0.400
EMP107310730340D92,PLA251521450007D92,PLACA 2515*2145 D92,0.400
EMP108009801025D94,PLA220021450007D94,PLACA 2200*2145 D94,1.000
EMP108009801025D94,PLA220021450007D94,PLACA 2200*2145 D94,1.000
EMP109009601200D98,PLA233024300007D98,PLACA 2330*2430 D98,1.000
EMP109009601200D98,PLA233024300007D98,PLACA 2330*2430 D98,1.000
EMP109009601201D94,PLA233024300007D98,PLACA 2330*2430 D98,1.000
EMP109009601201D94,PLA233024300007D98,PLACA 2330*2430 D98,1.000
EMP110000100050D92,PLA220021450007D92,PLACA 2200*2145 D92,0.130
EMP110004300510D92,PLA220021450007D92,PLACA 2200*2160 D92,1.000
EMP110009300695D92,PLA220021450007D92,PLACA 2200*2145 D92,1.340
EMP110011001000D92,PLA251521450007D92,PLACA 2515*2145 D92,1.000
EMP110011001000D92,PLA251521450007D92,PLACA 2515*2145 D92,1.000
EMP111509501001D92,PLA251521450007D92,PLACA 2515*2145 D92,1.000
EMP111509501001D92,PLA251521450007D92,PLACA 2515*2145 D92,1.000
EMP114007900651D92,PLA220021450007D92,PLACA 2200*2145 D92,1.000
EMP114007900651D92,PLA220021450007D92,PLACA 2200*2145 D92,1.000
EMP11407900650C30,PLA280024500004C30,PLACA 2800*2450 C30,0.680
EMP11407900650C30,PLA280024500004C30,PLACA 2800*2450 C30,0.680
EMP115008000650D92,PLA220021450007D92,PLACA 2200*2145 D92,0.670
EMP115008000650D92,PLA220021450007D92,PLACA 2200*2145 D92,0.670
EMP115008000850D94,PLA220021450007D94,PLACA 2200*2145 D94,2.000
EMP115008000850D94,PLA220021450007D94,PLACA 2200*2145 D94,2.000
EMP115009500820C30,PLA280024500004C30,PLACA 2800*2450 C30,1.000
EMP115009500820C30,PLA280024500004C30,PLACA 2800*2450 C30,1.000
EMP115009500821D92,PLA251521450007D92,PLACA 2515*2145 D92,1.000
EMP115009500821D92,PLA251521450007D92,PLACA 2515*2145 D92,1.000
EMP115009600640D92,PLA251521450007D92,PLACA 2515*2145 D92,1.340
EMP115509451030D98,PLA233011650007D98,PLACA 2330*2145 D98,0.000
EMP115509550950D92,PLA251521450007D92,PLACA 2515*2145 D92,1.000
EMP115509550950D92,PLA251521450007D92,PLACA 2515*2145 D92,1.000
EMP116009600900D92,PLA280021450004C20,PLACA 2800*2145 C20,1.000
EMP116009600900D92,PLA280021450004C20,PLACA 2800*2145 C20,1.000
EMP116009600993D92,PLA251521450007D92,PLACA 2515*2145 D92,1.000
EMP116009600993D92,PLA251521450007D92,PLACA 2515*2145 D92,1.000
EMP116009601001D92,PLA251521450007D92,PLACA 2515*2145 D92,1.000
EMP116009601001D92,PLA251521450007D92,PLACA 2515*2145 D92,1.000
EMP116509651020D92,PLA251521450007D92,PLACA 2515*2145 D92,1.000
EMP116509651020D92,PLA251521450007D92,PLACA 2515*2145 D92,1.000
EMP117009700350D94,PLA229007000007D94,PLACA 2290*700 D94,1.000
EMP117009700350D94,PLA229007000007D94,PLACA 2290*700 D94,1.000
EMP118000100050D92,PLA251521450007D92,PLACA 2515*2145 D92,0.130
EMP118509850830C20,PLA280024500004C30,PLACA 2800*2450 C30,1.000
EMP118509850830C20,PLA280024500004C30,PLACA 2800*2450 C30,1.000
EMP119009900500C30,PLA280024500004C30,PLACA 2800*2450 C30,0.500
EMP119009900500C30,PLA280024500004C30,PLACA 2800*2450 C30,0.500
EMP119009900900C30,PLA280024500004C30,PLACA 2800*2450 C30,1.000
EMP119009900900C30,PLA280024500004C30,PLACA 2800*2450 C30,1.000
EMP119009901030D92,PLA251521450007D92,PLACA 2515*2145 D92,1.000
EMP119009901030D92,PLA251521450007D92,PLACA 2515*2145 D92,1.000
REL0950002038.509B,PLA09500780000309B,PLACA 950*780 09B,1.120
CAJ00550055024510E,PLA09500780000210E,PLACA 950*780 10E,0.170
CAJ00600060022010E,PLA11000780000210E,PLACA 1100*780 10E,0.170
CAJ00650065029010E,PLA11000780000210E,PLACA 1100*780 10E,0.340
CAJ00650065029510E,PLA11000780000210E,PLACA 1100*780 10E,0.340
CAJ00850085034010E,PLA09500780000210E,PLACA 950*780 10E,0.500
CAJ01250067005709B,PLA12001000000209B,PLACA 1200*1000 09B,0.070
CAJ01300050052010E,PLA270015700004C20,PLACA 2700*1570 C20,0.500
CAJ013000550940C20,PLA210021450004C20,PLACA 2100*2145 C20,0.130
CAJ013001300290C20,PLA250017300004C20,PLACA 2500*1730 C20,0.090
CAJ01300550640C20,PLA210021450004C20,PLACA 2100*2145 C20,0.130
CAJ016001600160C30,PLA160017200004C30,PLACA 1600*1720 C30,0.100
CAJ01900140009010C,PLA28001570000412C,PLACA 2800*1570 12C,0.170
CAJ01900175280012C,PLA28001570000412C,PLACA 2800*1570 12C,0.500
CAJ01950170006510C,PLA28001570000412C,PLACA 2800*1570 12C,0.050
CAJ020001500100C20,PLA250024500004C20,PLACA 2500*2450 C20,0.040
CAJ020001800335D92,PLA280021450007D92,PLACA 2800*2145 D92,0.090
CAJ02000180290012C,PLA25001570000412C,PLACA 2500*1570 12C,0.670
CAJ020002000200C20,PLA270015700004C20,PLACA 2700*1690 C20,0.170
CAJ020002000300C20,PLA280021450004C20,PLACA 2800*2145 C20,0.090
CAJ022002000140D92,PLA220021450007D92,PLACA 2200*2145 D92,0.090
CAJ022002200075C20,PLA210021450004C20,PLACA 2100*2145 C20,0.090
CAJ022501950110C20,PLA21001730004C20,PLACA 2100*1730 C20,0.100
CAJ022501950220C20,PLA21001730004C20,PLACA 2100*1730 C20,0.130
CAJ023002300200D92,PLA220021450007D92,PLACA 2200*2145 D92,0.130
CAJ023002300235D92,PLA220021450007D92,PLACA 2200*2145 D92,0.130
CAJ023002300250D92,PLA220021450007D92,PLACA 2200*2145 D92,0.130
CAJ023901600300C20,PLA280021450004C20,PLACA 2800*2145 C20,0.090
CAJ024002050110C20,PLA21001730004C20,PLACA 2100*1730 C20,0.100
CAJ026002000231C30,PLA280024500004C30,PLACA 2800*2450 C30,0.080
CAJ026002200135C20,PLA210021450004C20,PLACA 2100*2145 C20,0.100
CAJ02900190010510C,PLA28001570000412C,PLACA 2800*1570 12C,0.110
CAJ029002900145C20,PLA250024500004C20,PLACA 2500*2450 C20,0.170
CAJ030002550135D92,PLA251521450007D92,PLACA 2515*2145 D92,0.100
CAJ03000260026010E,PLA12000780000210E,PLACA 1200*780 10E,1.000
CAJ030501250150C20,PLA280021450004C20,PLACA 2800*2145 C20,0.050
CAJ032003200420D92,PLA251521450007D92,PLACA 2515*2145 D92,0.340
CAJ032003200455D92,PLA280021450007D92,PLACA 2800*2145 D92,0.250
CAJ032303230141C20,PLA280021450004C20,PLACA 2800*2145 C20,0.130
CAJ03300115057012C,PLA25001570000412C,PLACA 2500*1570 12C,0.250
CAJ033002450140C20,PLA250024500004C20,PLACA 2500*2450 C20,0.130
CAJ034002000140C20,PLA250024500004C20,PLACA 2500*2450 C20,0.090
CAJ03500285013709B,PLA09500780000309B,PLACA 950*765 09B,2.000
CAJ035003500150C20,PLA210021450004C20,PLACA 2100*2145 C20,0.170
CAJ035003500400C20,PLA250024500004C20,PLACA 2500*2450 C20,0.170
CAJ035003500450C20,PLA250024500004C20,PLACA 2500*2450 C20,0.340
CAJ035502550295C20,PLA280017300004C20,PLACA 2800*1730 C20,0.170
CAJ036002200125C20,PLA250024500004C20,PLACA 2500*2450 C20,0.080
CAJ036002800260C30,PLA280024500004C30,PLACA 2800*2450 C30,0.130
CAJ036502601640C30,PLA280024500004C30,PLACA 2800*2450 C30,0.500
CAJ037003701000C20,PLA270015700004C20,PLACA 2700*1690 C20,0.500
CAJ037003701150C20,PLA270015700004C20,PLACA 2700*1690 C20,0.500
CAJ037502500255D92,PLA280021450007D92,PLACA 2800*2145 D92,0.130
CAJ037503550825D92,PLA251521450007D92,PLACA 2515*2145 D92,0.670
CAJ03800270006010C,PLA28001570000412C,PLACA 2800*1570 12C,0.100
CAJ038302550238C20,PLA280021450004C20,PLACA 2800*2145 C20,0.130
CAJ038502500180D92,PLA280021450007D92,PLACA 2800*2145 D92,0.130
CAJ03900270024012C,PLA28001570000412C,PLACA 2800*1570 12C,0.170
REL09500037002510E,PLA09500780000210E,PLACA 950*780 10E,1.370
REL09500040003510E,PLA09500700000210E,PLACA 950*700 10E,2.230
REL0950004003510E,PLA09500780000309B,PLACA 950*780 09B,2.000
REL09500210027709B,PLA09500780000309B,PLACA 950*780 09B,0.840
REL11000002706509B,PLA11000780000309B,PLACA 1100*780 09B,2.500
REL1100001539.509B,PLA11000780000309B,PLACA 1100*780 09B,0.830
REL11000018037509B,PLA11000780000309B,PLACA 1100*780 09B,1.100
REL1100001834.509B,PLA11000780000309B,PLACA 1100*780 09B,0.900
REL1100001839.509B,PLA11000780000309B,PLACA 1100*780 09B,1.000
REL1100001932.509B,PLA11000780000309B,PLACA 1100*780 09B,0.870
REL11000020003809B,PLA11000780000309B,PLACA 1100*780 09B,1.100
REL1100002035.509B,PLA11000780000309B,PLACA 1100*780 09B,1.010
REL1100002036.509B,PLA11000780000309B,PLACA 1100*780 09B,0.060
REL1100002038.509B,PLA11000780000309B,PLACA 1100*780 09B,1.100
REL11000021003709B,PLA11000780000309B,PLACA 1100*765 09B,1.200
REL1100002126.409B,PLA11000780000309B,PLACA 1100*780 09B,1.060
REL1100002128.509B,PLA11000780000309B,PLACA 1100*780 09B,0.880
REL1100002131.509B,PLA11000780000309B,PLACA 1100*780 09B,0.950
REL1100002132.509B,PLA11000780000309B,PLACA 1100*765 09B,1.200
REL1100002133.509B,PLA11000780000309B,PLACA 1100*765 09B,1.100
REL1100002134.509B,PLA11000780000309B,PLACA 1100*780 09B,0.960
REL1100002134.709B,PLA11000780000309B,PLACA 1100*780 09B,1.030
REL1100002135.509B,PLA11000780000309B,PLACA 1100*765 09B,1.110
REL1100002135.709B,PLA11000780000309B,PLACA 1100*780 09B,1.110
REL1100002136.509B,PLA11000780000309B,PLACA 1100*765 09B,1.110
REL1100002137.509B,PLA11000780000309B,PLACA 1100*780 09B,1.000
REL1100002137.709B,PLA11000780000309B,PLACA 1100*765 09B,1.200
REL1100002138.509B,PLA11000780000309B,PLACA 1100*765 09B,1.170
REL1100002139.509B,PLA11000780000309B,PLACA 1100*780 09B,1.170
REL1100002139.709B,PLA11000780000309B,PLACA 1100*780 09B,1.120
REL1100002337.509B,PLA11000780000309B,PLACA 1100*780 09B,1.230
REL11000025002309B,PLA11000780000309B,PLACA 1100*780 09B,0.860
REL11000025002409B,PLA11000780000309B,PLACA 1100*780 09B,0.890
REL11000025002509B,PLA11000780000309B,PLACA 1100*780 09B,0.930
REL11000025002909B,PLA11000780000309B,PLACA 1100*765 09B,1.090
REL11000025003209B,PLA11000823000309B,PLACA 1100*823 09B,1.100
REL11000025003309B,PLA11000780000309B,PLACA 1100*780 09B,1.200
REL11000025003409B,PLA11000780000309B,PLACA 1100*780 09B,1.250
REL11000025003709B,PLA11000780000309B,PLACA 1100*780 09B,1.190
REL11000025003809B,PLA11000780000309B,PLACA 1100*780 09B,1.320
REL11000025003909B,PLA11000780000309B,PLACA 1100*780 09B,1.390
REL1100002526.409B,PLA11000780000309B,PLACA 1100*765 09B,1.000
REL1100002526.509B,PLA11000780000309B,PLACA 1100*765 09B,1.000
REL1100002527.09B,PLA11000780000210E,PLACA 1100*780 10E,1.000
REL1100002528.409B,PLA11000780000309B,PLACA 1100*780 09B,1.050
REL1100002528.509B,PLA11000780000309B,PLACA 1100*780 09B,1.050
REL1100002529.409B,PLA11000780000309B,PLACA 1100*780 09B,1.090
REL1100002532.409B,PLA11000780000309B,PLACA 1100*780 09B,1.200
REL1100002532.509B,PLA11000780000309B,PLACA 1100*780 09B,1.310
REL1100002532.709B,PLA11000780000309B,PLACA 1100*780 09B,1.200
REL1100002533.509B,PLA11000780000309B,PLACA 1100*780 09B,1.190
REL1100002534.509B,PLA11000780000309B,PLACA 1100*780 09B,1.250
REL1100002535.09B,PLA11000780000309B,PLACA 1100*780 09B,1.250
REL1100002536.509B,PLA11000780000309B,PLACA 1100*780 09B,1.150
"REL1100002537,509B",PLA11000780000309B,PLACA 1100*780 09B,1.420
REL1100002537.509B,PLA11000780000309B,PLACA 1100*780 09B,1.450
REL1100002537.709B,PLA11000780000309B,PLACA 1100*780 09B,1.390
REL1100002538.509B,PLA11000780000309B,PLACA 1100*780 09B,1.390
REL1100002539.509B,PLA11000780000309B,PLACA 1100*780 09B,1.400
REL11000027002009B,PLA11000780000309B,PLACA 1100*780 09B,0.820
REL11000027002309B,PLA11000780000309B,PLACA 1100*765 09B,0.850
REL11000027002409B,PLA11000780000309B,PLACA 1100*780 09B,1.000
REL11000027002509B,PLA11000780000309B,PLACA 1100*765 09B,1.100
REL11000027002809B,PLA11000780000309B,PLACA 1100*765 09B,1.130
REL11000027003609B,PLA11000780000309B,PLACA 1100*765 09B,1.500
REL11000027003709B,PLA11000780000309B,PLACA 1100*780 09B,1.900
REL11000027004009B,PLA11000780000309B,PLACA 1100*765 09B,1.590
REL11000027005509B,PLA11000780000309B,PLACA 1100*780 09B,2.100
REL11000027006009B,PLA11000780000309B,PLACA 1100*780 09B,2.400
REL11000027007809B,PLA11000780000309B,PLACA 1100*765 09B,3.000
REL11000027008509B,PLA11000823000309B,PLACA 1100*823 09B,0.120
REL11000027009309B,PLA11000780000309B,PLACA 1100*780 09B,3.400
REL11000027043009,PLA11000780000309B,PLACA 1100*780 09B,1.700
REL1100002732.509B,PLA11000780000309B,PLACA 1100*780 09B,1.300
REL1100002732.609B,PLA11000780000309B,PLACA 1100*780 09B,1.300
REL1100002737.509B,PLA11000780000309B,PLACA 1100*780 09B,1.430
REL1100002737.809B,PLA11000780000309B,PLACA 1100*780 09B,1.500
REL1100002738.809B,PLA11000780000309B,PLACA 1100*780 09B,1.500
REL1100002739.109B,PLA11000780000309B,PLACA 1100*780 09B,1.500
REL11000030002710E,PLA11000780000210E,PLACA 1100*780 10E,1.200
REL11000030002810E,PLA11000765000210E,PLACA 1100*765 10E,1.250
REL11000030003310E,PLA11000780000210E,PLACA 1100*780 10E,1.430
REL11000030003410E,PLA11000780000309B,PLACA 1100*765 09B,1.500
REL11000030003710E,PLA11000780000210E,PLACA 1100*780 10E,1.780
REL11000030003810E,PLA11000765000210E,PLACA 1100*765 10E,1.840
REL11000030026510E,PLA11000780000210E,PLACA 1100*780 10E,1.000
REL1100003027.510E,PLA11000780000210E,PLACA 1100*780 10E,1.200
REL1100003032.510E,PLA11000765000210E,PLACA 1100*765 10E,1.430
REL1100003035.510E,PLA11000780000210E,PLACA 1100*780 10E,1.500
REL1100003036010E ,PLA11000765000210E,PLACA 1100*765 10E,1.580
REL1100003037.510E,PLA11000795000210E,PLACA 1100*795 10E,0.050
REL1100003229.510E,PLA11000765000210E,PLACA 1100*765 10E,1.400
REL1100003234.510E,PLA11000780000210E,PLACA 1100*780 10E,1.700
REL1100003237.510E,PLA11000780000210E,PLACA 1100*780 10E,1.690
REL1100003237.710E,PLA11000780000210E,PLACA 1100*780 10E,1.340
REL1100003337.510E,PLA11000780000210E,PLACA 1100*780 10E,1.740
REL11000035034010E,PLA11000780000210E,PLACA 1100*780 10E,1.750
REL1100003524.510E,PLA11000765000210E,PLACA 1100*765 10E,1.120
REL1100003527.510E,PLA11000780000210E,PLACA 1100*780 10E,1.200
REL1100003532.510E,PLA11000765000210E,PLACA 1100*765 10E,1.700
REL1100003533.510E,PLA11000780000210E,PLACA 1100*780 10E,1.700
REL1100003535.310E,PLA11000780000210E,PLACA 1100*780 10E,1.750
REL1100003536.510E,PLA11000765000210E,PLACA 1100*765 10E,1.850
REL1100003537.310E,PLA11000780000210E,PLACA 1100*700 10E,2.100
REL1100003537.510E,PLA11000780000210E,PLACA 1100*700 10E,2.060
REL1100003538.510E,PLA11000780000210E,PLACA 1100*780 10E,2.000
REL1100003729.510E,PLA11000765000210E,PLACA 1100*765 10E,1.700
REL1100025275.09B,PLA11000780000309B,PLACA 1100*780 09B,1.000
"REL110003036,510E ",PLA11000780000210E,PLACA 1100*780 10E,1.580
REL1200001632.509B,PLA12000780000309B,PLACA 1200*780 09B,0.800
REL1200001637.409B,PLA12000780000309B,PLACA 1200*780 09B,0.850
REL1200001638.509B,PLA12000780000309B,PLACA 1200*780 09B,0.900
REL12000021003709B,PLA12000780000309B,PLACA 1200*780 09B,1.100
REL1200002132.509B,PLA11000780000309B,PLACA 1200*765 09B,1.000
REL1200002137.509B,PLA11000780000309B,PLACA 1200*765 09B,1.200
REL1200002138.509B,PLA11000780000309B,PLACA 1200*765 09B,1.170
REL1200002524.509B,PLA12000780000309B,PLACA 1200*780 09B,0.930
REL1200002532.509B,PLA12000780000309B,PLACA 1200*780 09B,1.200
REL1200002537.509B,PLA12000780000309B,PLACA 1200*780 09B,1.220
REL1200002539.709B,PLA12000780000309B,PLACA 1200*780 09B,1.250
REL1200002727.809B,PLA12000780000309B,PLACA 1200*780 09B,1.500
REL1200002737.709B,PLA12000780000309B,PLACA 1200*780 09B,1.500
REL1200002738.809B,PLA12000780000309B,PLACA 1200*780 09B,1.500
REL12000032003810E,PLA12000780000210E,PLACA 1200*780 10E,1.780
REL12000037002510E,PLA12000780000210E,PLACA 1200*780 10E,1.400
REL12000040003510E,PLA12000780000210E,PLACA 1200*780 10E,2.000
SEP01100250000309B,PLA09500780000309B,PLACA 950*780 09B,0.050
SEP01910119000309B,PLA11000780000309B,PLACA 1100*780 09B,0.040
SEP020009500007D94,PLA220021450007D94,PLACA 2200*2145 D94,0.050
SEP020019050003C20,PLA210021450004C20,PLACA 2100*2145 C20,0.100
SEP02180282000110E,PLA12001000000210E,PLACA 1200*1000 10E,0.070
SEP02180303000010E,PLA12001000000210E,PLACA 1200*1000 10E,0.070
SEP022501900007D92,PLA220021450007D92,PLACA 2200*2145 D92,0.020
SEP022502400007D92,PLA220021450007D92,PLACA 2200*2145 D92,0.020
SEP023002300007D92,PLA11000780000309B,PLACA 1100*780 09B,0.020
SEP02300250000312C,PLA17001570000412C,PLACA 1700*1570 12C,0.030
SEP02400430000309B,PLA09500780000309B,PLACA 950*780 09B,0.170
SEP02430293000110E,PLA12001000000210E,PLACA 1200*1000 10E,0.100
SEP02500235000210E,PLA11000780000210E,PLACA 1100*780 10E,0.090
SEP02600400000312C,PLA17001570000412C,PLACA 1700*1570 12C,0.050
SEP026004200007D92,PLA220021450007D92,PLACA 2200*2145 D92,0.030
SEP027010500003C20,PLA210021450004C20,PLACA 2100*2145 C20,0.080
SEP027512000003C20,PLA250024500004C20,PLACA 2500*2450 C20,0.070
SEP02800130000410C,PLA25001570000412C,PLACA 2500*1570 12C,0.020
SEP02960282000110E,PLA12001000000210E,PLACA 1200*1000 10E,0.090
SEP02960303000010E,PLA12001000000210E,PLACA 1200*1000 10E,0.090
SEP02970119000309B,PLA09500780000309B,PLACA 950*780 09B,0.060
SEP03150250000312C,PLA17001570000412C,PLACA 1700*1570 12C,0.040
SEP032503250001C30,PLA280024500004C30,PLACA 2800*2450 C30,0.020
SEP03270293000110E,PLA12001000000210E,PLACA 1200*1000 10E,0.120
SEP03400130000410C,PLA25001570000412C,PLACA 2500*1570 12C,0.020
SEP035003400007D92,PLA251521450007D92,PLACA 2515*2145 D92,0.040
SEP035017430003C20,PLA210021450004C20,PLACA 2100*2145 C20,0.200
SEP03800235000210E,PLA12001000000210E,PLACA 1200*1000 10E,0.110
SEP041023500003C20,PLA250024500004C20,PLACA 2500*2450 C20,0.170
SEP04300117000309B,PLA09500780000309B,PLACA 950*780 09B,0.090
SEP043009200004C20,PLA280021450004C20,PLACA 2800*2145 C20,0.090
SEP043015700004C20,PLA270015700004C20,PLACA 2700*1570 C20,0.170
SEP043017300004C20,PLA280017300004C20,PLACA 2800*1730 C20,0.170
SEP046004700007D92,PLA251521450007D92,PLACA 2515*2145 D92,0.050
SEP047503850125D92,PLA251521450007D92,PLACA 2515*2145 D92,0.040
SEP050004000007D92,PLA251521450007D92,PLACA 2515*2145 D92,0.050
SEP050004700007D92,PLA251521450007D92,PLACA 2515*2145 D92,0.050
SEP050005400007D92,PLA280021450007D92,PLACA 2800*2145 D92,0.050
SEP05300230000309B,PLA11000780000309B,PLACA 1100*780 09B,0.170
SEP053004250003C20,PLA280021450004C20,PLACA 2800*2145 C20,0.050
SEP055005000004C20,PLA280021450004C20,PLACA 2800*2145 C20,0.050
SEP065004500007D92,PLA280021450007D92,PLACA 2800*2145 D92,0.070
SEP070006000004C20,PLA210021450004C20,PLACA 2100*2145 C20,0.110
SEP072005400004C20,PLA250024500004C20,PLACA 2500*2450 C20,0.070
SEP07800100000309B,PLA11000780000309B,PLACA 1100*780 09B,0.100
SEP080001900004C20,PLA250024500004C20,PLACA 2500*2450 C20,0.030
SEP083004150004D92,PLA251521450007D92,PLACA 2515*2145 D92,0.070
SEP087507050007D98,PLA186023500007D98,PLACA 1860*2350 D98,0.170
SEP09000700000210E,PLA09500780000210E,PLACA 950*765 10E,1.000
SEP09500126002509B,PLA09500823000309B,PLACA 950*823 09B,0.170
SEP09500178002509B,PLA09500780000309B,PLACA 950*765 09B,0.250
SEP09500185002510B,PLA09500780000309B,PLACA 950*780 09B,0.250
SEP09500218002509B,PLA09500780000309B,PLACA 950*765 09B,0.340
SEP09500320002509B,PLA09500780000309B,PLACA 950*765 09B,0.500
SEP10000980000312C,PLA25001570000412C,PLACA 2500*1570 12C,0.500
SEP100010000004C20,PLA210021450004C20,PLACA 2100*2145 C20,0.250
SEP101004000155C20,PLA251521450007D92,PLACA 2515*2145 D92,0.080
SEP101004000155C20,PLA251521450007D92,PLACA 2515*2145 D92,0.080
SEP10600970000210E,PLA12001000000209B,PLACA 1200*1000 09B,1.000
SEP11000068000312C,PLA25001570000412C,PLACA 2500*1570 12C,0.030
SEP11000100000309B,PLA11000780000309B,PLACA 1100*780 09B,0.150
SEP11001050000310C,PLA25001570000412C,PLACA 2500*1570 12C,0.500
SEP11300930000412C,PLA28001570000412C,PLACA 2800*1570 12C,0.340
SEP11500950D92,PLA251521450007D92,PLACA 2515*2145 D92,0.250
SEP12000150000110E,PLA12000780000210E,PLACA 1200*780 10E,0.200
SEP12000300000110E,PLA12000780000210E,PLACA 1200*780 10E,0.500
SEP12001000000009B,PLA10001200000309B,PLACA 1000*1200 09B,1.000
SEP12001000000110E,PLA12001000000210E,PLACA 1200*1000 10E,1.000
SEP12001000000210E,PLA12001000000210E,PLACA 1200*1000 10E,1.000
SEP120010000004C20,PLA280021450004C20,PLACA 2800*2145 C20,0.250
SEP120010001950D92,PLA280021450007D92,PLACA 2800*2145 D92,1.000
SEP120504550004C30,PLA280024500004C30,PLACA 2800*2450 C30,0.100
SEP123009200007D94,PLA220021450007D94,PLACA 2200*2145 D94,0.500
SEP123010000195C20,PLA280021450004C20,PLACA 2800*2145 C20,0.500
SEP125008000003C20,PLA250024500004C20,PLACA 2500*2450 C20,0.170
SEP12501570000312C,PLA25001570000412C,PLACA 2500*1570 12C,0.500
SEP130012000004C20,PLA251521450007D92,PLACA 2515*2145 D92,0.900
SEP130012000004C20,PLA251521450007D92,PLACA 2515*2145 D92,0.900
SEP130012000004C20,PLA251521450007D92,PLACA 2515*2145 D92,0.900
SEP138003750004C30,PLA280024500004C30,PLACA 2800*2450 C30,0.090
SEP138010000004C20,PLA280021450004C20,PLACA 2800*2145 C20,0.500
SEP140008000003C20,PLA280021450004C20,PLACA 2800*2145 C20,0.250
SEP140011000004C30,PLA280024500004C30,PLACA 2800*2450 C30,0.250
SEP14001400000410C,PLA28001570000412C,PLACA 2800*1570 12C,0.500
SEP14001570000312C,PLA28001570000412C,PLACA 2800*1570 12C,0.500
SEP142010900072C20,PLA270015700004C20,PLACA 2700*1690 C20,0.500
SEP149004940155C20,PLA270015700004C20,PLACA 2700*1690 C20,0.200
SEP154003650004C30,PLA160017200004C30,PLACA 1600*1720 C30,0.250
SEP163005000003C20,PLA270015700004C20,PLACA 2700*1690 C20,0.200
SEP168003350004C30,PLA280024500004C30,PLACA 2800*2450 C30,0.150
SEP168501250007D92,PLA220021450007D92,PLACA 2200*2145 D92,0.070
SEP178000900007D92,PLA220021450007D92,PLACA 2200*2145 D92,0.050
SEP180002000007D92,PLA251521450007D92,PLACA 2515*2145 D92,0.090
SEP190000900007D92,PLA220021450007D92,PLACA 2200*2145 D92,0.050
SEP190021450007D94,PLA220021450007D94,PLACA 2200*2145 D94,1.000
SEP210004800003C20,PLA250024500004C20,PLACA 2500*2450 C20,0.170
SEP210010000004C20,PLA210021450004C20,PLACA 2100*2145 C20,0.500
SEP210010700004D92,PLA220021450007D92,PLACA 2200*2145 D92,0.500
SEP220000900007D92,PLA220021450007D92,PLACA 2200*2145 D92,0.050
SEP220021450007D92,PLA220021450007D92,PLACA 2200*2145 D92,1.000
SEP248000900007D92,PLA251521450007D92,PLACA 2515*2145 D92,0.050
SEP25001570000312C,PLA25001570000412C,PLACA 2500*1570 12C,1.000
SEP25001571000420C,PLA250017300004C20,PLACA 2500*1730 C20,1.000
sep250018000007D92,PLA251521450007D92,PLACA 2515*2145 D92,1.000
SEP250020000007D94,PLA251521450007D92,PLACA 2515*2145 D92,1.000
SEP256504650003C20,PLA270015700004C20,PLACA 2700*1690 C20,0.340
SEP277007050007D98,PLA235023500007D98,PLACA 2350*2350 D98,0.170
SEP277007050007D98,PLA235023500007D98,PLACA 2350*2350 D98,0.170
SEP920900190350C20,PLA250024500004C20,PLACA 2500*2450 C20,0.160
TRO0085008500007D9,PLA280021450007D92,PLACA 2800*2145 D92,0.170
TRO012015400004C20,PLA270015700004C20,PLACA 2700*1570 C20,0.050
TRO01850140000110E,PLA09500780000210E,PLACA 950*780 10E,0.040
TRO02000100000309B,PLA09500780000309B,PLACA 950*780 09B,0.040
TRO02500250000210C,PLA25001570000412C,PLACA 2500*1570 12C,0.020
TRO02500250000210E,PLA11000780000210E,PLACA 1100*780 10E,0.040
TRO02500250000309B,PLA09500780000309B,PLACA 950*765 09B,0.050
TRO02502500100010E,PLA12001000000210E,PLACA 1200*1000 10E,0.500
TRO025803650003C20,PLA250024500004C20,PLACA 2500*2450 C20,0.040
TRO027201630003C20,PLA250024500004C20,PLACA 2500*2450 C20,0.010
TRO02970191000309B,PLA12001000000209B,PLACA 1200*1000 09B,0.050
TRO030012900003C20,PLA270017200004C20,PLACA 2700*1720 C20,0.130
TRO03250225000310E,PLA11000780000210E,PLACA 1100*780 10E,0.120
TRO03400316000210E,PLA11000780000210E,PLACA 1100*780 10E,0.170
TRO036503650100C20,PLA250024500004C20,PLACA 2500*2450 C20,0.090
TRO05200225000210E,PLA11000780000210E,PLACA 1100*780 10E,0.250
TRO05450230000310E,PLA11000780000210E,PLACA 1100*780 10E,0.250
TRO065014700004C20,PLA210021450004C20,PLACA 2100*2145 C20,0.250
TRO070005900100C20,PLA250024500004C20,PLACA 2500*2450 C20,0.170
TRO07720280000310E,PLA09500780000210E,PLACA 950*765 10E,0.340
TRO086605140004C30,PLA280024500004C30,PLACA 2800*2450 C30,0.080
TRO08750780000410C,PLA28001570000412C,PLACA 2800*1570 12C,0.170
TRO088008800003C20,PLA280021450004C20,PLACA 2800*2145 C20,0.170
TRO089707450003C20,PLA250024500004C20,PLACA 2500*2450 C20,0.120
TRO09100860000412C,PLA28001570000412C,PLACA 2800*1570 12C,0.340
TRO093009300003C20,PLA210021450004C20,PLACA 2100*2145 C20,0.250
TRO093009300007D94,PLA220021450007D94,PLACA 2200*2145 D94,0.250
TRO097509750003C20,PLA210021450004C20,PLACA 2100*2145 C20,0.250
TRO101501000215C30,PLA280024500004C30,PLACA 2800*2450 C30,0.250
TRO102508800003C20,PLA210021450004C20,PLACA 2100*2145 C20,0.250
TRO104010400100C20,PLA210021450004C20,PLACA 2100*2145 C20,0.250
TRO10550910000312C,PLA28001570000412C,PLACA 2800*1570 12C,0.340
TRO10590607000210E,PLA11000780000210E,PLACA 1100*780 10E,1.000
TRO106210620007D92,PLA220021450007D92,PLACA 2200*2145 D92,0.250
TRO112009300004C20,PLA280021450004C20,PLACA 2800*2145 C20,0.250
TRO114004800003C20,PLA250017300004C20,PLACA 2500*1730 C20,0.170
TRO118514450007D92,PLA251521450007D92,PLACA 2515*2145 D92,0.500
TRO12001000000210B,PLA10001200000309B,PLACA 1000*1200 09B,1.000
TRO12001000000210E,PLA12001000000210E,PLACA 1200*1000 10E,1.000
TRO120010000007D92,PLA251521450007D92,PLACA 2515*2145 D92,0.250
TRO1200100012.5D92,PLA251521450007D92,PLACA 2515*2145 D92,0.250
TRO120910070003C20,PLA250024500004C20,PLACA 2500*2450 C20,0.250
TRO121010100003C20,PLA280021450004C20,PLACA 2800*2145 C20,0.250
TRO121512150100C20,PLA250024500004C20,PLACA 2500*2450 C20,0.250
TRO121512150101C20,PLA250024500004C20,PLACA 2500*2450 C20,0.250
TRO128012900003C20,PLA270017200004C20,PLACA 2700*1720 C20,0.500
TRO133012150216C30,PLA280024500004C30,PLACA 2800*2450 C30,0.250
TRO136013920007D92,PLA280021450007D92,PLACA 2800*2145 D92,0.500
TRO137605520003C20,PLA280024500004C30,PLACA 2800*2450 C30,0.130
TRO140012000101C20,PLA270015700004C20,PLACA 2700*1690 C20,0.500
TRO140014000200C30,PLA160017200004C30,PLACA 1600*1720 C30,1.000
TRO141513150120C30,PLA160017200004C30,PLACA 1600*1720 C30,1.000
TRO145008350007D92,PLA251521450007D92,PLACA 2515*2145 D92,0.340
TRO145011200151C30,PLA280024500004C30,PLACA 2800*2450 C30,0.340
TRO145012200151C20,PLA270015700004C20,PLACA 2700*1690 C20,0.500
TRO14800765008010B,PLA210021450004C20,PLACA 2100*2145 C20,0.500
TRO149710900150C20,PLA270015700004C20,PLACA 2700*1690 C20,0.500
TRO14971200150C20,PLA270015700004C20,PLACA 2700*1570 C20,0.500
TRO149712980150D92,PLA280021450007D92,PLACA 2800*2145 D92,0.500
TRO149829000150C20,PLA270015700004C20,PLACA 2700*1570 C20,0.500
TRO150405250003C20,PLA210021450004C20,PLACA 2100*2145 C20,0.340
TRO152013200003C20,PLA270015700004C20,PLACA 2700*1570 C20,0.500
TRO154012000003C20,PLA270015700004C20,PLACA 2700*1690 C20,0.500
TRO154512400004C20,PLA270015700004C20,PLACA 2700*1690 C20,0.500
TRO157015700215C30,PLA170015700004C30,PLACA 1700*1570 C30,1.000
TRO162012100100C20,PLA280021450004C20,PLACA 2800*2145 C20,0.500
TRO167013700121C30,PLA160017200004C30,PLACA 1600*1720 C30,1.000
TRO179007300005DBE,PLA179007600005DBE,PLACA 1790*760 DBE,1.000
TRO187607880003C20,PLA250017300004C20,PLACA 2500*1730 C20,0.500
TRO192009800003C20,PLA210021450004C20,PLACA 2100*2145 C20,0.500
TRO193206320003C20,PLA210021450004C20,PLACA 2100*2145 C20,0.340
TRO209111000007D92,PLA220021450007D92,PLACA 2200*2145 D92,1.000
TRO212003500007D94,PLA213007000007D94,PLACA 2130*700 D94,1.000
REL09500021002809B,PLA09500780000309B,PLACA 950*780 09B,0.880
REL09500021002909B,PLA09500823000309B,PLACA 950*823 09B,0.850
REL09500021003709B,PLA09500780000309B,PLACA 950*780 09B,1.100
REL09500021028509B,PLA09500780000309B,PLACA 950*780 09B,0.880
REL0950002130.009B,PLA09500780000309B,PLACA 950*780 09B,0.900
REL0950002130.509B,PLA09500780000309B,PLACA 950*780 09B,1.050
REL0950002131.509B,PLA09500780000309B,PLACA 950*780 09B,0.950
REL0950002132.509B,PLA09500780000309B,PLACA 950*780 09B,1.000
REL0950002133.709B,PLA09500780000309B,PLACA 950*765 09B,1.050
REL0950002134.509B,PLA09500795000309B,PLACA 950*795 09B,0.990
REL0950002135.509B,PLA09500780000309B,PLACA 950*765 09B,1.110
REL0950002136.509B,PLA09500780000309B,PLACA 950*765 09B,1.100
REL0950002137.509B,PLA09500780000309B,PLACA 950*780 09B,1.170
REL0950002137.709B,PLA09500780000309B,PLACA 950*765 09B,1.170
REL0950002138.509B,PLA09500780000309B,PLACA 950*780 09B,1.170
REL0950002138.709B,PLA09500780000309B,PLACA 950*780 09B,1.100
REL0950002139.509B,PLA09500780000309B,PLACA 950*780 09B,1.400
REL0950002139.709B,PLA09500780000309B,PLACA 950*780 09B,1.110
REL09500025002909B,PLA09500780000309B,PLACA 950*765 09B,1.090
REL09500025003009B,PLA09500780000309B,PLACA 950*780 09B,1.100
REL09500025003709B,PLA09500780000309B,PLACA 950*780 09B,1.190
REL09500025003809B,PLA09500780000309B,PLACA 950*780 09B,1.320
REL0950002521.509B,PLA09500780000309B,PLACA 950*780 09B,0.840
REL0950002524.509B,PLA09500780000309B,PLACA 950*780 09B,0.930
REL0950002529.509B,PLA09500780000309B,PLACA 950*780 09B,1.090
REL0950002532.409B,PLA09500780000309B,PLACA 950*765 09B,1.200
REL0950002532.509B,PLA09500780000309B,PLACA 950*765 09B,1.200
REL0950002534.509B,PLA09500780000309B,PLACA 950*780 09B,1.250
REL0950002535.009B,PLA09500780000309B,PLACA 950*780 09B,1.200
REL0950002535.709B,PLA09500780000309B,PLACA 950*780 09B,1.320
"REL0950002536,509B",PLA09500780000309B,PLACA 950*780 09B,1.320
"REL0950002537,509B",PLA09500780000309B,PLACA 950*780 09B,1.430
REL0950002537.509B,PLA09500780000210E,PLACA 950*780 10E,1.300
REL0950002538.509B,PLA09500780000309B,PLACA 950*765 09B,1.390
REL0950002538.709B,PLA09500780000309B,PLACA 950*780 09B,1.400
REL0950002539.509B,PLA09500795000309B,PLACA 950*795 09B,1.400
REL09500027003709B,PLA09500780000309B,PLACA 950*780 09B,1.900
REL09500027039109B,PLA09500780000309B,PLACA 950*780 09B,1.500
REL0950002732.509B,PLA09500780000309B,PLACA 950*780 09B,1.300
REL0950002752.509B,PLA09500795000309B,PLACA 950*795 09B,1.930
REL09500030002810E,PLA09500780000210E,PLACA 950*780 10E,1.250
REL09500030003310E,PLA09500780000210E,PLACA 950*780 10E,1.430
REL09500030003810E,PLA09500780000210E,PLACA 950*765 10E,1.630
REL0950003037.510E,PLA09500780000210E,PLACA 950*765 10E,1.670
REL0950003037.610E,PLA09500780000210E,PLACA 950*765 10E,1.670
REL0950003224.10E,PLA09500780000210E,PLACA 950*780 10E,1.190
REL0950003224.710E,PLA09500780000210E,PLACA 950*780 10E,1.300
REL0950003226.510E,PLA09500780000210E,PLACA 950*780 10E,1.240
REL0950003232.710E,PLA09500780000210E,PLACA 950*780 10E,1.530
REL0950003237.510E,PLA09500780000210E,PLACA 950*780 10E,1.690
REL0950003237.710E,PLA09500780000210E,PLACA 950*780 10E,1.560
REL09500033009B,PLA09500780000309B,PLACA 950*780 09B,1.200
REL0950003524.510E,PLA09500780000210E,PLACA 950*765 10E,1.300
REL0950003527.10E,PLA09500700000210E,PLACA 950*700 10E,1.600
REL0950003527.710E,PLA09500780000210E,PLACA 950*780 10E,1.400
REL0950003535.310E,PLA09500780000210E,PLACA 950*780 10E,1.750
REL0950003537.310E,PLA09500780000210E,PLACA 950*765 10E,1.950
REL0950003537.510E,PLA09500795000210E,PLACA 950*795 10E,1.850
REL0950003538.510E,PLA09500780000210E,PLACA 950*780 10E,2.000
CAJ039503600325D92,PLA251521450007D92,PLACA 2515*2145 D92,0.230
CAJ040002900600C20,PLA280021450004C20,PLACA 2800*2145 C20,0.340
CAJ040003950370D92,PLA280021450007D92,PLACA 2800*2145 D92,0.340
CAJ040004000285C20,PLA270015700004C20,PLACA 2700*1690 C20,0.340
CAJ040502850060C20,PLA210021450004C20,PLACA 2100*2145 C20,0.070
CAJ040704071150C20,PLA21001730004C20,PLACA 2100*1730 C20,1.000
CAJ04100230023012C,PLA28001570000412C,PLACA 2800*1570 12C,0.170
CAJ041003100380D92,PLA251521450007D92,PLACA 2515*2145 D92,0.230
CAJ041203120295C20,PLA250024500004C20,PLACA 2500*2450 C20,0.140
CAJ04120412101009B,PLA280021450004C20,PLACA 2800*2145 C20,0.500
CAJ042003001220D92,PLA251521600007D92,PLACA 2515*2160 D92,0.670
CAJ042003650280C20,PLA250024500004C20,PLACA 2500*2450 C20,0.230
CAJ042004200620C20,PLA280021450004C20,PLACA 2800*2145 C20,0.340
CAJ042301120333C20,PLA250024500004C20,PLACA 2500*2450 C20,0.100
CAJ042503250080C20,PLA250024500004C20,PLACA 2500*2450 C20,0.090
CAJ043002500380C20,PLA280021450004C20,PLACA 2800*2145 C20,0.250
CAJ043002900258C20,PLA270015700004C20,PLACA 2700*1570 C20,0.340
CAJ043003550500C20,PLA270015700004C20,PLACA 2700*1570 C20,0.230
CAJ044003800320D92,PLA220021450007D92,PLACA 2200*2145 D92,0.340
CAJ04500075245110C,PLA28001570000412C,PLACA 2800*1570 12C,1.000
CAJ045003000250C30,PLA280024500004C30,PLACA 2800*2450 C30,0.140
CAJ045004000250C20,PLA280021450004C20,PLACA 2800*2145 C20,0.230
CAJ045503550735D92,PLA280021450007D92,PLACA 2800*2145 D92,0.670
CAJ046001850235C20,PLA270015700004C20,PLACA 2700*1570 C20,0.170
CAJ046003100100C30,PLA280024500004C30,PLACA 2800*2450 C30,0.070
CAJ04600330036012C,PLA28001570000412C,PLACA 2800*1570 12C,0.340
CAJ046503150060C30,PLA280024500004C30,PLACA 2800*2450 C30,0.070
CAJ046503201820C30,PLA280024500004C30,PLACA 2800*2450 C30,0.670
CAJ046503650895C30,PLA280024500004C30,PLACA 2800*2450 C30,0.680
CAJ047003400390C20,PLA270015700004C20,PLACA 2700*1690 C20,0.340
CAJ047003500300D92,PLA280021450007D92,PLACA 2800*2145 D92,0.230
CAJ047003850120D98,PLA186023500007D98,PLACA 1860*2350 D98,0.340
CAJ047004000340D92,PLA220021450007D92,PLACA 2200*2145 D92,0.500
CAJ048204821150C20,PLA270015700004C20,PLACA 2700*1690 C20,1.000
CAJ049002100160C20,PLA270017200004C20,PLACA 2700*1720 C20,0.170
CAJ049002650210C20,PLA280021450004C20,PLACA 2800*2145 C20,0.170
CAJ04950065090509B,PLA12001000000209B,PLACA 1200*1000 09B,1.000
CAJ050002500400D92,PLA251521600007D92,PLACA 2515*2160 D92,0.230
CAJ050003000300D92,PLA280021450007D92,PLACA 2800*2145 D92,0.220
CAJ050004300281C20,PLA250024500004C20,PLACA 2500*2450 C20,0.340
CAJ050005000400D92,PLA220021450007D92,PLACA 2200*2160 D92,0.500
CAJ050005000500C20,PLA210021450004C20,PLACA 2100*2145 C20,0.500
CAJ050005000900D92,PLA220021450007D92,PLACA 2200*2145 D92,1.000
CAJ050005000950C20,PLA250024500004C20,PLACA 2500*2450 C20,0.500
CAJ051003600100C30,PLA280024500004C30,PLACA 2800*2450 C30,0.090
CAJ051003700210C20,PLA280021450004C20,PLACA 2800*2145 C20,0.250
CAJ051005100090C20,PLA280021450004C20,PLACA 2800*2145 C20,0.120
CAJ05400165024012C,PLA25001570000412C,PLACA 2500*1570 12C,0.230
CAJ05500290020009B,PLA270015700004C20,PLACA 2700*1570 C20,0.230
CAJ055003250150C20,PLA280021450004C20,PLACA 2800*2145 C20,0.170
CAJ055004000200C20,PLA210021450004C20,PLACA 2100*2145 C20,0.340
CAJ056002650150D94,PLA189021450007D94,PLACA 1890*2145 D94,0.250
CAJ057000551650C20,PLA280021450004C20,PLACA 2800*2145 C20,0.500
CAJ05700115165512C,PLA28001570000412C,PLACA 2800*1570 12C,0.670
CAJ057005500090C30,PLA170015700004C30,PLACA 1700*1570 C30,0.250
CAJ057005510090C30,PLA280024500004C30,PLACA 2800*2450 C30,0.050
CAJ058004000300D92,PLA220021450007D92,PLACA 2200*2145 D92,0.340
CAJ05900450188C30,PLA280024500004C30,PLACA 2800*2450 C30,1.000
CAJ060002400240C20,PLA270015700004C20,PLACA 2700*1570 C20,0.230
CAJ060002500200C20,PLA280021450004C20,PLACA 2800*2145 C20,0.170
CAJ060003000301C20,PLA210021450004C20,PLACA 2100*2145 C20,0.250
CAJ060004000300C20,PLA210021450004C20,PLACA 2100*2145 C20,0.340
CAJ060004500100C30,PLA280024500004C30,PLACA 2800*2450 C30,0.100
CAJ060006000600C20,PLA250024500004C20,PLACA 2500*2450 C20,0.500
CAJ06000600100012C,PLA28001570000412C,PLACA 2800*1570 12C,0.340
CAJ060006001000D92,PLA251521450007D92,PLACA 2515*2145 D92,1.000
CAJ060503400200C20,PLA280021450004C20,PLACA 2800*2145 C20,0.110
CAJ061000501160C20,PLA270015700004C20,PLACA 2700*1570 C20,0.500
CAJ061003100080C20,PLA210021450004C20,PLACA 2100*2145 C20,0.130
CAJ061004300160C20,PLA250024300004C20,PLACA 2500*2430 C20,0.250
CAJ061004500100C20,PLA250024500004C20,PLACA 2500*2450 C20,0.120
CAJ061500500615C20,PLA280021450004C20,PLACA 2800*2145 C20,0.250
CAJ061503600600C20,PLA210021450004C20,PLACA 2100*2145 C20,0.340
CAJ062000602040C20,PLA250024500004C20,PLACA 2500*2450 C20,1.000
CAJ06250360034510C,PLA25001570000412C,PLACA 2500*1570 12C,0.250
CAJ062504301480D92,PLA220021450007D92,PLACA 2200*2145 D92,1.000
CAJ06300100063012C,PLA28001570000412C,PLACA 2800*1570 12C,0.340
CAJ063001551960D92,PLA251521450007D92,PLACA 2515*2145 D92,1.000
CAJ063504400100C20,PLA270015700004C20,PLACA 2700*1570 C20,0.170
CAJ065003000250C20,PLA210021450004C20,PLACA 2100*2145 C20,0.500
CAJ065003100310C20,PLA210021450004C20,PLACA 2100*2145 C20,0.340
CAJ066003400390C20,PLA250024500004C20,PLACA 2500*2450 C20,0.340
CAJ066005501300D92,PLA251521450007D92,PLACA 2515*2145 D92,1.000
CAJ066504300270D92,PLA251521450007D92,PLACA 2515*2145 D92,0.340
CAJ069505200155C20,PLA280021450004C20,PLACA 2800*2145 C20,0.170
CAJ070004600340D92,PLA251521450007D92,PLACA 2515*2145 D92,1.000
CAJ070006000900C20,PLA280021450004C20,PLACA 2800*2145 C20,0.500
CAJ071006100095C20,PLA250024500004C20,PLACA 2500*2450 C20,0.250
CAJ071006700810D94,PLA220021450007D94,PLACA 2200*2145 D94,0.170
CAJ071006700810D94,PLA220021450007D94,PLACA 2200*2145 D94,0.170
CAJ072004900820D94,PLA251521600007D94,PLACA 2515*2160 D94,0.500
CAJ073006900100C20,PLA270015700004C20,PLACA 2700*1690 C20,0.340
CAJ07350100245010C,PLA28001570000412C,PLACA 2800*1570 12C,2.000
CAJ073503000320C20,PLA250024500004C20,PLACA 2500*2450 C20,0.200
CAJ073505250480D92,PLA280021450007D92,PLACA 2800*2145 D92,0.500
CAJ073505400545D92,PLA280021450007D92,PLACA 2800*2145 D92,2.000
CAJ074004400085D92,PLA251521450007D92,PLACA 2515*2145 D92,0.130
CAJ074004400086D92,PLA251521450007D92,PLACA 2515*2145 D92,0.130
CAJ074005100105C20,PLA250024500004C20,PLACA 2500*2450 C20,0.170
CAJ074007400980C20,PLA270015700004C20,PLACA 2700*1690 C20,1.340
CAJ07450180081510C,PLA25001570000412C,PLACA 2500*1570 12C,1.000
CAJ074507450100C20,PLA250024500004C20,PLACA 2500*2450 C20,0.250
CAJ0750003521012C,PLA210021450004C20,PLACA 2100*2145 C20,1.000
CAJ075000601850C20,PLA280021450004C20,PLACA 2800*2145 C20,0.670
CAJ075003150060C20,PLA210021450004C20,PLACA 2100*2145 C20,0.010
CAJ075003752100D92,PLA280021450007D92,PLACA 2800*2145 D92,1.000
CAJ075005000130D92,PLA280021450007D92,PLACA 2800*2145 D92,0.340
CAJ075005500070C20,PLA210021450004C20,PLACA 2100*2145 C20,0.000
CAJ075007500130D92,PLA220021450007D92,PLACA 2200*2145 D92,1.000
CAJ07600620009412C,PLA25001570000412C,PLACA 2500*1570 12C,1.000
CAJ076506420235C20,PLA250024500004C20,PLACA 2500*2450 C20,0.250
CAJ077005001770D92,PLA280021450007D92,PLACA 2800*2145 D92,1.000
CAJ077005001770D92,PLA280021450007D92,PLACA 2800*2145 D92,1.000
CAJ079500500935C20,PLA280021450004C20,PLACA 2800*2145 C20,0.340
CAJ08000551010012C,PLA25001570000412C,PLACA 2500*1570 12C,0.250
CAJ080006100510D92,PLA220021450007D92,PLACA 2200*2145 D92,1.000
CAJ081000500410C20,PLA280021450004C20,PLACA 2800*2145 C20,0.170
CAJ083000500630C20,PLA280021450004C20,PLACA 2800*2145 C20,0.340
CAJ083004300180C20,PLA250024500004C20,PLACA 2500*2450 C20,0.170
CAJ085506100675D92,PLA220021450007D92,PLACA 2200*2145 D92,2.000
CAJ088503850525C20,PLA280021450004C20,PLACA 2800*2145 C20,0.500
CAJ090006101870D92,PLA220021450007D92,PLACA 2200*2145 D92,2.000
CAJ090006101870D92,PLA220021450007D92,PLACA 2200*2145 D92,2.000
CAJ091005700560D94,PLA220021450007D94,PLACA 2200*2145 D94,0.170
CAJ091005700560D94,PLA220021450007D94,PLACA 2200*2145 D94,0.170
CAJ091008000160C20,PLA270015700004C20,PLACA 2700*1690 C20,0.500
CAJ091009100100C20,PLA270017200004C20,PLACA 2700*1720 C20,0.500
CAJ092000601630C20,PLA220021450007D92,PLACA 2200*2145 D92,1.000
CAJ092000601631C20,PLA21001730004C20,PLACA 2100*1730 C20,1.000
CAJ092004800810D94,PLA220021450007D94,PLACA 2200*2145 D94,0.750
CAJ093000500930C20,PLA210021450004C20,PLACA 2100*2145 C20,0.500
CAJ093005900100C20,PLA270015700004C20,PLACA 2700*1690 C20,0.250
CAJ094005000100C20,PLA280021450004C20,PLACA 2800*2145 C20,0.170
CAJ094006400090D92,PLA251521450007D92,PLACA 2515*2145 D92,0.250
CAJ094006400091D92,PLA251521450007D92,PLACA 2515*2145 D92,0.340
CAJ095001900750D92,PLA251521450007D92,PLACA 2515*2145 D92,1.000
CAJ095001900751D92,PLA251521450007D92,PLACA 2515*2145 D92,0.500
CAJ096000752460C20,PLA280021450004C20,PLACA 2800*2145 C20,1.000
CAJ09600100096012C,PLA25001570000412C,PLACA 2500*1570 12C,1.000
CAJ098009800800D92,PLA220021450007D92,PLACA 2200*2145 D92,1.000
CAJ099000750850D92,PLA220021450007D92,PLACA 2200*2145 D92,0.500
CAJ09900541790D92,PLA220021450007D92,PLACA 2200*2145 D92,1.500
CAJ09900541790D92,PLA220021450007D92,PLACA 2200*2145 D92,1.500
CAJ099009750100C20,PLA270015700004C20,PLACA 2700*1570 C20,0.500
CAJ099505950100C20,PLA270015700004C20,PLACA 2700*1690 C20,0.500
CAJ100005000130D92,PLA220021450007D92,PLACA 2200*2145 D92,0.670
CAJ100007500130D92,PLA220021450007D92,PLACA 2200*2145 D92,1.000
CAJ100007500150D92,PLA220021450007D92,PLACA 2200*2145 D92,1.000
CAJ100010000130D92,PLA220021450007D92,PLACA 2200*2145 D92,2.000
CAJ100010001300D92,PLA220021450007D92,PLACA 2200*2145 D92,2.000
CAJ101000401810C20,PLA280021450004C20,PLACA 2800*2145 C20,1.000
CAJ102406420225C20,PLA280021450004C20,PLACA 2800*2145 C20,0.250
CAJ103002150215C20,PLA280021450004C20,PLACA 2800*2145 C20,0.340
CAJ105008500950D94,PLA220021450007D94,PLACA 2200*2145 D94,2.000
CAJ106308880132C20,PLA270015700004C20,PLACA 2700*1690 C20,0.500
CAJ108009801100C20,PLA250024500004C20,PLACA 2500*2450 C20,1.000
CAJ108500550950C20,PLA280021450004C20,PLACA 2800*2145 C20,0.500
CAJ109505250480D92,PLA220021450007D92,PLACA 2200*2145 D92,1.000
CAJ109505400545D92,PLA220021450007D92,PLACA 2200*2145 D92,2.000
CAJ109509950100C20,PLA270015700004C20,PLACA 2700*1570 C20,0.500
CAJ110011000100C20,PLA270015700004C20,PLACA 2700*1570 C20,0.500
CAJ111010100100C20,PLA270015700004C20,PLACA 2700*1570 C20,0.500
CAJ112005901880D92,PLA251521450007D92,PLACA 2515*2145 D92,1.500
CAJ112005901880D92,PLA251521450007D92,PLACA 2515*2145 D92,1.500
CAJ112009900150D94,PLA136018000007D94,PLACA 1360*1800 D94,1.000
CAJ112011201180D94,PLA189021450007D94,PLACA 2350*2145 D94,2.000
CAJ113509650700D92,PLA220021450007D92,PLACA 2200*2145 D92,1.000
CAJ114004700515C20,PLA250017300004C20,PLACA 2500*1730 C20,0.600
CAJ114011400100C20,PLA270015700004C20,PLACA 2700*1570 C20,0.500
CAJ114011400130C30,PLA170015700004C30,PLACA 1700*1570 C30,1.000
CAJ115004800120C30,PLA280024500004C30,PLACA 2800*2450 C30,0.170
CAJ115009500980D92,PLA251521450007D92,PLACA 2515*2145 D92,1.000
CAJ11500980100D92,PLA251521450007D92,PLACA 2515*2145 D92,0.500
CAJ115508050120C20,PLA210021450004C20,PLACA 2100*2145 C20,0.500
CAJ116504750900C20,PLA210021450004C20,PLACA 2100*2145 C20,1.000
CAJ116509751200C20,PLA250024300004C20,PLACA 2500*2430 C20,1.000
CAJ11700100063012C,PLA28001570000412C,PLACA 2800*1570 12C,1.000
CAJ117008300120C20,PLA280021450004C20,PLACA 2800*2145 C20,0.250
CAJ117009800090C20,PLA270017200004C20,PLACA 2700*1720 C20,0.500
CAJ117009800860C20,PLA250017300004C20,PLACA 2500*1730 C20,1.000
CAJ117509750200C20,PLA280021450004C20,PLACA 2800*2145 C20,0.500
CAJ118004800750D98,PLA220021450007D94,PLACA 2200*2145 D94,2.000
CAJ118004900150C20,PLA210021450004C20,PLACA 2100*2145 C20,0.500
CAJ118009800180C20,PLA270015700004C20,PLACA 2700*1690 C20,0.500
CAJ118009900090C20,PLA270015700004C20,PLACA 2700*1570 C20,0.500
CAJ118009900150C20,PLA280021450004C20,PLACA 2800*2145 C20,0.500
CAJ118409841020D98,PLA189021450007D94,PLACA 2350*2145 D94,2.000
CAJ118506420200C20,PLA21001730004C20,PLACA 2100*1730 C20,0.500
CAJ118509851050D98,PLA233011650007D98,PLACA 2330*2145 D98,2.000
CAJ119004900720D92,PLA251521450007D92,PLACA 2515*2145 D92,1.500
CAJ119008400100C20,PLA210021450004C20,PLACA 2100*2145 C20,0.500
CAJ11900900720D92,PLA251521450007D92,PLACA 2515*2145 D92,2.000
CAJ119009900090C20,PLA270015700004C20,PLACA 2700*1570 C20,0.500
CAJ119009900120C20,PLA270015700004C20,PLACA 2700*1690 C20,0.500
CAJ119009901800C20,PLA250024500004C20,PLACA 2500*2450 C20,2.000
CAJ119509950090C20,PLA270017200004C20,PLACA 2700*1720 C20,0.500
CAJ119509950100C30,PLA170015700004C30,PLACA 1700*1570 C30,1.000
CAJ119509951000D94,PLA189021450007D94,PLACA 2350*2145 D94,1.000
CAJ12000070070010C,PLA28001570000412C,PLACA 2800*1570 12C,1.000
CAJ120008500085C20,PLA280021450004C20,PLACA 2800*2145 C20,0.500
CAJ120010000085C20,PLA270015700004C20,PLACA 2700*1690 C20,0.500
CAJ120010000100C20,PLA280021450004C20,PLACA 2800*2145 C20,0.500
CAJ120010000350C20,PLA270015700004C20,PLACA 2700*1570 C20,2.000
CAJ12001000085C20A,PLA270015700004C20,PLACA 2700*1570 C20,0.500
CAJ120010001050D94,PLA251521450007D92,PLACA 2515*2145 D92,1.000
CAJ120010001200D92,PLA251521450007D92,PLACA 2515*2145 D92,2.000
CAJ120012001380C20,PLA280021450004C20,PLACA 2800*2145 C20,2.000
CAJ121010100140C20,PLA270015700004C20,PLACA 2700*1690 C20,0.500
CAJ122008201750C20,PLA250024500004C20,PLACA 2500*2450 C20,2.000
CAJ122010200080C20,PLA250017300004C20,PLACA 2500*1730 C20,0.500
CAJ122510250080C20,PLA270015700004C20,PLACA 2700*1570 C20,0.500
CAJ123005250480D92,PLA220021450007D92,PLACA 2200*2145 D92,1.000
CAJ123005800545D92,PLA220021450007D92,PLACA 2200*2145 D92,2.000
CAJ124008400090D92,PLA220021450007D92,PLACA 2200*2145 D92,0.500
CAJ124008400091D92,PLA220021450007D92,PLACA 2200*2145 D92,0.500
CAJ124010100100C20,PLA270017200004C20,PLACA 2700*1720 C20,0.500
CAJ124010300970C20,PLA250017300004C20,PLACA 2500*1730 C20,2.000
CAJ125010000150D92,PLA251521450007D92,PLACA 2515*2145 D92,2.000
CAJ129005501900D92,PLA280021450007D92,PLACA 2800*2145 D92,0.500
CAJ129005501900D92,PLA280021450007D92,PLACA 2800*2145 D92,0.500
CAJ129005501900D92,PLA280021450007D92,PLACA 2800*2145 D92,0.500
CAJ129005501900D92,PLA280021450007D92,PLACA 2800*2145 D92,0.500
CAJ130004000300D92,PLA220021450007D92,PLACA 2200*2145 D92,1.000
CAJ131006100140D92,PLA220021450007D92,PLACA 2200*2145 D92,1.000
CAJ133506100675D92,PLA220021450007D92,PLACA 2200*2145 D92,2.000
CAJ135006500130D92,PLA220021450007D92,PLACA 2200*2145 D92,1.000
CAJ136510650095C20,PLA270015700004C20,PLACA 2700*1690 C20,0.500
CAJ137005700480D92,PLA251521450007D92,PLACA 2515*2145 D92,2.000
CAJ14000070070010C,PLA28001570000412C,PLACA 2800*1570 12C,0.670
CAJ142007450150C20,PLA210021450004C20,PLACA 2100*2145 C20,0.500
CAJ145002600750D92,PLA220021450007D92,PLACA 2200*2145 D92,2.000
CAJ145007300700D92,PLA251521450007D92,PLACA 2515*2145 D92,2.000
CAJ145505250480D92,PLA220021450007D92,PLACA 2200*2145 D92,1.000
CAJ145505400545D92,PLA220021450007D92,PLACA 2200*2145 D92,2.000
CAJ147003700350D92,PLA220021450007D92,PLACA 2200*2145 D92,1.000
CAJ149005250480D92,PLA220021450007D92,PLACA 2200*2145 D92,1.000
CAJ149005800545D92,PLA220021450007D92,PLACA 2200*2145 D92,2.000
CAJ150003101010D92,PLA220021450007D92,PLACA 2200*2145 D92,2.000
CAJ150008900080C20,PLA210021450004C20,PLACA 2100*2145 C20,0.500
CAJ150506420225C20,PLA280021600007D92,PLACA 2800*2160 D92,0.500
CAJ155004100540D92,PLA220021450007D92,PLACA 2200*2145 D92,1.000
CAJ156011600080C20,PLA270015700004C20,PLACA 2700*1570 C20,0.500
CAJ157005201570D92,PLA270015700004C20,PLACA 2700*1690 C20,0.500
CAJ157005201570D92,PLA270015700004C20,PLACA 2700*1690 C20,0.500
CAJ157005201570D92,PLA270015700004C20,PLACA 2700*1690 C20,0.500
CAJ160005400500D92,PLA220021450007D92,PLACA 2200*2145 D92,1.000
CAJ163005250480D92,PLA251521450007D92,PLACA 2515*2145 D92,1.000
CAJ163005800545D92,PLA251521450007D92,PLACA 2515*2145 D92,2.000
CAJ16400100058012C,PLA25001570000412C,PLACA 2500*1570 12C,1.000
CAJ165004000300D92,PLA220021450007D92,PLACA 2200*2145 D92,1.000
CAJ168002801160D92,PLA220021450007D92,PLACA 2200*2145 D92,2.000
CAJ168504550560C30,PLA280024500004C30,PLACA 2800*2450 C30,1.000
CAJ170001000150D92,PLA220021450007D92,PLACA 2200*2145 D92,0.400
CAJ171001851180D92,PLA220021450007D92,PLACA 2200*2145 D92,2.000
CAJ171004800360C30,PLA280024500004C30,PLACA 2800*2450 C30,1.000
CAJ174506420225C20,PLA250024500004C20,PLACA 2500*2450 C20,0.500
CAJ179505300860D92,PLA251521450007D92,PLACA 2515*2145 D92,2.000
CAJ180005700480D92,PLA280021450007D92,PLACA 2800*2145 D92,2.000
CAJ180006500650D92,PLA280021450007D92,PLACA 2800*2145 D92,2.500
CAJ181007100075D92,PLA280021450007D92,PLACA 2800*2145 D92,0.670
CAJ181505250480D92,PLA251521450007D92,PLACA 2515*2145 D92,1.000
CAJ181505400545D92,PLA251521450007D92,PLACA 2515*2145 D92,2.000
CAJ181506100675D92,PLA251521450007D92,PLACA 2515*2145 D92,2.000
CAJ18150825009512C,PLA210021450004C20,PLACA 2100*2145 C20,1.000
CAJ181508950170C20,PLA250024500004C20,PLACA 2500*2450 C20,0.500
CAJ183005250480D92,PLA251521450007D92,PLACA 2515*2145 D92,2.000
CAJ183005800545D92,PLA251521450007D92,PLACA 2515*2145 D92,2.000
CAJ183007801030D92,PLA280021450007D92,PLACA 2800*2145 D92,2.000
CAJ184006700460D92,PLA280021450007D92,PLACA 2800*2145 D92,2.000
CAJ188003101130D92,PLA251521450007D92,PLACA 2515*2145 D92,2.000
CAJ188003401400C20,PLA280021450004C20,PLACA 2800*2145 C20,2.000
CAJ188005400460C30,PLA280024500004C30,PLACA 2800*2450 C30,1.000
CAJ188005900450C30,PLA280024500004C30,PLACA 2800*2450 C30,1.000
CAJ192002901250D92,PLA251521450007D92,PLACA 2515*2145 D92,2.000
CAJ195005000720C20,PLA250017300004C20,PLACA 2500*1730 C20,2.000
CAJ203005250480D92,PLA280021450007D92,PLACA 2800*2145 D92,1.000
CAJ203005800545D92,PLA280021450007D92,PLACA 2800*2145 D92,2.000
CAJ203007800550D92,PLA220021450007D92,PLACA 2200*2160 D92,2.800
CAJ209508950175C20,PLA250024500004C20,PLACA 2500*2450 C20,0.500
CAJ217505250480D92,PLA280021450007D92,PLACA 2800*2145 D92,1.000
CAJ217505400545D92,PLA280021450007D92,PLACA 2800*2145 D92,2.000
CAJ220004000300D92,PLA280021450007D92,PLACA 2800*2145 D92,1.000
CAJ229506100675D92,PLA251521450007D92,PLACA 2515*2145 D92,2.600
CAJ253505250480D92,PLA280021450007D92,PLACA 2800*2145 D92,1.000
CAJ253505250480D92,PLA280021450007D92,PLACA 2800*2145 D92,1.000
CAJ253505400545D92,PLA280021450007D92,PLACA 2800*2145 D92,2.000
CAJ277506100675D92,PLA280021450007D92,PLACA 2800*2145 D92,2.600
CAJ695695220120C20,PLA270015700004C20,PLACA 2700*1690 C20,0.500
CUB001503650042D92,PLA280021450007D92,PLACA 2800*2145 D92,0.010
CUB003002500042D92,PLA280021450007D92,PLACA 2800*2145 D92,0.010
CUB01000200009012C,PLA17001570000412C,PLACA 1700*1570 12C,0.020
CUB022501400050D92,PLA220021450007D92,PLACA 2200*2145 D92,0.020
CUB023004000100D92,PLA220021450007D92,PLACA 2200*2145 D92,0.050
CUB03100290003009B,PLA09500780000309B,PLACA 950*765 09B,0.340
CUB03200200009012C,PLA28001570000412C,PLACA 2800*1570 12C,0.040
CUB03600340003010C,PLA25001570000412C,PLACA 2500*1570 12C,0.080
CUB03900290003009B,PLA09500823000309B,PLACA 950*823 09B,0.340
CUB0400030000309B,PLA09500780000309B,PLACA 950*765 09B,0.500
CUB0420039004010C1,PLA28001570000412C,PLACA 2800*1570 12C,0.230
CUB04300840003010C,PLA17001570000412C,PLACA 1700*1570 12C,0.340
CUB04400200003010C,PLA28001570000412C,PLACA 2800*1570 12C,0.050
CUB04500290010010C,PLA25001570000412C,PLACA 2500*1570 12C,0.080
CUB04600470003010C,PLA25001570000412C,PLACA 2500*1570 12C,0.140
CUB04650250008410C,PLA25001570000412C,PLACA 2500*1570 12C,0.080
CUB04650390003010C,PLA28001570000412C,PLACA 2800*1570 12C,0.200
CUB04650445003010C,PLA28001570000412C,PLACA 2800*1570 12C,0.230
CUB047501000075C20,PLA210021450004C20,PLACA 2100*2145 C20,0.040
CUB047501150028C20,PLA210021450004C20,PLACA 2100*2145 C20,0.040
CUB047503200028C20,PLA210021450004C20,PLACA 2100*2145 C20,0.090
CUB04750355003010C,PLA25001570000412C,PLACA 2500*1570 12C,0.100
CUB04950450003010C,PLA25001570000412C,PLACA 2500*1570 12C,0.290
CUB05000400003010C,PLA17001570000412C,PLACA 1700*1570 12C,0.170
CUB051004250028C20,PLA210021450004C20,PLACA 2100*2145 C20,0.250
CUB05200120009009B,PLA11000780000309B,PLACA 1100*780 09B,0.340
CUB05200410002512C,PLA25001570000412C,PLACA 2500*1570 12C,0.120
CUB05850445003010C,PLA25001570000412C,PLACA 2500*1570 12C,0.340
CUB06100610002510C,PLA25001570000412C,PLACA 2500*1570 12C,0.500
CUB06200410002512C,PLA25001570000412C,PLACA 2500*1570 12C,0.170
CUB06300200003012C,PLA25001570000412C,PLACA 2500*1570 12C,0.090
CUB06300380003012C,PLA25001570000412C,PLACA 2500*1570 12C,0.170
CUB06500450003010C,PLA28001570000412C,PLACA 2800*1570 12C,0.180
CUB06550380002509B,PLA09500780000309B,PLACA 950*765 09B,0.500
CUB07300290003009B,PLA09500780000309B,PLACA 950*765 09B,0.670
CUB07300450003009B,PLA09500780000309B,PLACA 950*765 09B,0.670
CUB07800450004010C,PLA25001570000412C,PLACA 2500*1570 12C,0.230
CUB07800450010010C,PLA25001570000412C,PLACA 2500*1570 12C,0.230
CUB08000200010010C,PLA17001570000412C,PLACA 1700*1570 12C,0.150
CUB08200290003009B,PLA09500823000309B,PLACA 950*823 09B,0.670
CUB08200370003009B,PLA09500780000309B,PLACA 950*765 09B,1.000
CUB08500850005010C,PLA28001570000412C,PLACA 2800*1570 12C,0.670
CUB08900360003009B,PLA09500780000309B,PLACA 950*765 09B,1.000
CUB08900400003009B,PLA09500780000309B,PLACA 950*765 09B,1.000
CUB09000700002509B,PLA09500780000309B,PLACA 950*765 09B,2.000
CUB09200430004810C,PLA28001570000412C,PLACA 2800*1570 12C,0.230
CUB09200820002510C,PLA25001570000412C,PLACA 2500*1570 12C,0.670
CUB09300450005010C,PLA28001570000412C,PLACA 2800*1570 12C,0.230
CUB09300910002610C,PLA28001570000412C,PLACA 2800*1570 12C,0.670
CUB09400940002510C,PLA25001570000412C,PLACA 2500*1570 12C,1.000
CUB09450200008010C,PLA25001570000412C,PLACA 2500*1570 12C,0.150
CUB09700650010509B,PLA11000780000309B,PLACA 1100*780 09B,2.000
CUB09700655009009B,PLA11000780000309B,PLACA 1100*765 09B,2.000
CUB10000760003009B,PLA11000780000309B,PLACA 1100*780 09B,2.000
CUB10400320003009B,PLA11000780000309B,PLACA 1100*780 09B,1.000
CUB10600820002510C,PLA25001570000412C,PLACA 2500*1570 12C,0.670
CUB10600960002510C,PLA25001570000412C,PLACA 2500*1570 12C,1.000
CUB10950125002510C,PLA25001570000412C,PLACA 2500*1570 12C,0.090
CUB11100175002510C,PLA25001570000412C,PLACA 2500*1570 12C,0.130
CUB11500610002510C,PLA25001570000412C,PLACA 2500*1570 12C,0.500
CUB12400290010010C,PLA25001570000412C,PLACA 2500*1570 12C,0.340
CUB14000350007010C,PLA28001570000412C,PLACA 2800*1570 12C,0.250
CUB140007000050C20,PLA280021450004C20,PLACA 2800*2145 C20,0.340
CUB140007000051C20,PLA280021450004C20,PLACA 2800*2145 C20,0.420
CUB14350410002512C,PLA25001570000412C,PLACA 2500*1570 12C,0.400
CUB14350410006012C,PLA25001570000412C,PLACA 2500*1570 12C,0.340
CUB14350520002512C,PLA28001570000412C,PLACA 2800*1570 12C,0.400
CUB14500500007010C,PLA17001570000412C,PLACA 1700*1570 12C,0.670
CUB15000260010010C,PLA17001570000412C,PLACA 1700*1570 12C,0.340
CUB15300400003010C,PLA17001570000412C,PLACA 1700*1570 12C,0.500
CUB15400450003010C,PLA25001570000412C,PLACA 2500*1570 12C,0.400
CUB15700490003010C,PLA25001570000412C,PLACA 2500*1570 12C,0.400
CUB16200560002510C,PLA25001570000412C,PLACA 2500*1570 12C,1.000
CUB16400290003010C,PLA250024500004C20,PLACA 2500*2450 C20,0.400
CUB16400475003010C,PLA25001570000412C,PLACA 2500*1570 12C,0.640
CUB16500495003010C,PLA17001570000412C,PLACA 1700*1570 12C,0.670
CUB16601140003010C,PLA17001570000412C,PLACA 1700*1570 12C,2.000
CUB16700175002510C,PLA17001570000412C,PLACA 1700*1570 12C,0.250
CUB16700450003010C,PLA17001570000412C,PLACA 1700*1570 12C,0.670
CUB17000430003010C,PLA17001570000412C,PLACA 1700*1570 12C,0.670
CUB17000450003010C,PLA17001570000412C,PLACA 1700*1570 12C,0.670
CUB17000450007010C,PLA17001570000412C,PLACA 1700*1570 12C,0.670
CUB17000840003010C,PLA17001570000412C,PLACA 1700*1570 12C,2.000
CUB17500700003012C,PLA25001570000412C,PLACA 2500*1570 12C,1.000
CUB17500940003012C,PLA25001570000412C,PLACA 2500*1570 12C,2.000
CUB18000465003010C,PLA25001570000412C,PLACA 2500*1570 12C,0.670
CUB18150385003010C,PLA25001570000412C,PLACA 2500*1570 12C,0.500
CUB18150580003010C,PLA25001570000412C,PLACA 2500*1570 12C,1.000
CUB18600450003010C,PLA25001570000412C,PLACA 2500*1570 12C,0.670
CUB18600540003510C,PLA25001570000412C,PLACA 2500*1570 12C,1.000
CUB18750390003010C,PLA25001570000412C,PLACA 2500*1570 12C,0.670
CUB23000150003010C,PLA25001570000412C,PLACA 2500*1570 12C,0.100
CUB230011700050D98,PLA235023500007D98,PLACA 2350*2350 D98,1.000
EMP003002950042D92,PLA280021450007D92,PLACA 2800*2145 D92,0.000
EMP004002350042D92,PLA280021450007D92,PLACA 2800*2145 D92,0.020
EMP022000400030D92,PLA251521450007D92,PLACA 2515*2145 D92,0.010
EMP032001600030D92,PLA251521450007D92,PLACA 2515*2145 D92,0.050
EMP038000400030D92,PLA280021450007D92,PLACA 2800*2145 D92,0.020
EMP040001200100D92,PLA251521450007D92,PLACA 2515*2145 D92,0.120
EMP045504551000D98,PLA233011650007D98,PLACA 2330*2145 D98,0.500
EMP045504551000D98,PLA233011650007D98,PLACA 2330*2145 D98,0.500
EMP046003750040D92,PLA220021450007D92,PLACA 2200*2145 D92,0.300
EMP049500120100D92,PLA251521450007D92,PLACA 2515*2145 D92,0.120
EMP0500000538.5D92,PLA220021450007D92,PLACA 2200*2145 D92,0.030
EMP050001200014D92,PLA251521450007D92,PLACA 2515*2145 D92,0.030
EMP05300010050D92,PLA220021450007D92,PLACA 2200*2145 D92,0.130
EMP053505150440D92,PLA251521450007D92,PLACA 2515*2145 D92,0.250
EMP053505150440D92,PLA251521450007D92,PLACA 2515*2145 D92,0.250
EMP05400100090D92,PLA220021450007D92,PLACA 2200*2145 D92,0.130
EMP054005100015D92,PLA220021450007D92,PLACA 2200*2145 D92,0.500
EMP055000120090D92,PLA220021450007D92,PLACA 2200*2145 D92,0.280
EMP062001200100D92,PLA251521450007D92,PLACA 2515*2145 D92,0.150
EMP066005501000D92,PLA280021450007D92,PLACA 2800*2145 D92,0.500
EMP066005501000D92,PLA280021450007D92,PLACA 2800*2145 D92,0.500
EMP066005501300D92,PLA280021450007D92,PLACA 2800*2145 D92,1.000
EMP066005501300D92,PLA280021450007D92,PLACA 2800*2145 D92,1.000
EMP069000100050D92,PLA220021450007D92,PLACA 2200*2145 D92,0.090
EMP070004000450D94,PLA251521450007D92,PLACA 2515*2145 D92,0.250
EMP070004000450D94,PLA251521450007D92,PLACA 2515*2145 D92,0.250
EMP070005000400D92,PLA280021450007D92,PLACA 2800*2145 D92,0.340
EMP070005000400D92,PLA280021450007D92,PLACA 2800*2145 D92,0.340
EMP075307530400D94,PLA220021450007D94,PLACA 2200*2145 D94,0.800
EMP075307530800D94,PLA204021600007D94,PLACA 2040*2160 D94,2.000
EMP080000100050D92,PLA251521450007D92,PLACA 2515*2145 D92,0.100
EMP080000120100D92,PLA251521450007D92,PLACA 2515*2145 D92,0.190
EMP080004000500C30,PLA280024500004C30,PLACA 2800*2450 C30,0.250
EMP080004000500C30,PLA280024500004C30,PLACA 2800*2450 C30,0.250
EMP082001200100D9,PLA251521450007D92,PLACA 2515*2145 D92,0.200
EMP082008201020D99,PLA235023500007D98,PLACA 2350*2350 D98,1.000
EMP082008201020D99,PLA235023500007D98,PLACA 2350*2350 D98,1.000
EMP082008201150D98,PLA235023500007D98,PLACA 2350*2350 D98,1.000
EMP082008201150D98,PLA235023500007D98,PLACA 2350*2350 D98,1.000
EMP090001200014D92,PLA280021450007D92,PLACA 2800*2145 D92,0.040
EMP090006000650D92,PLA220021450007D92,PLACA 2200*2145 D92,1.340
EMP093009301025D99,PLA23301070D98,PLACA 2330*1070 D98,2.000
EMP093009301025D99,PLA23301070D98,PLACA 2330*1070 D98,2.000
EMP093009301150D98,PLA233011650007D98,PLACA 2330*1165 D98,4.000
EMP093009301150D98,PLA233011650007D98,PLACA 2330*1165 D98,4.000
EMP094009150600D92,PLA220021450007D92,PLACA 2200*2145 D92,1.340
EMP094009151000D92,PLA220021450007D92,PLACA 2200*2145 D92,2.000
EMP094009401001D92,PLA220021450007D92,PLACA 2200*2145 D92,2.000
EMP096005600650D94,PLA220021450007D94,PLACA 2200*2145 D94,1.340
EMP09800840003010C,PLA28001570000412C,PLACA 2800*1570 12C,0.670
EMP100000100050D92,PLA220021450007D92,PLACA 2200*2145 D92,0.130
EMP100000120100D92,PLA220021450007D92,PLACA 2200*2145 D92,0.300
EMP100010001000D98,PLA206010150007D98,PLACA 2060*1015 D98,12.000
EMP101008000500D92,PLA220021450007D92,PLACA 2200*2145 D92,1.000
EMP101008000905D94,PLA220021450007D94,PLACA 2200*2145 D94,1.000
EMP101008000905D94,PLA220021450007D94,PLACA 2200*2145 D94,1.000
EMP101010100756D98,PLA235023500007D98,PLACA 2350*2350 D98,0.670
EMP101010100756D98,PLA235023500007D98,PLACA 2350*2350 D98,0.670
EMP101600100050D92,PLA220021450007D92,PLACA 2200*2145 D92,0.130
EMP104008500500D98,PLA233011650007D98,PLACA 2330*2145 D98,0.500
EMP104008500500D98,PLA233011650007D98,PLACA 2330*2145 D98,0.500
EMP104008500505D94,PLA220021450007D94,PLACA 2200*2145 D94,0.500
EMP104008500505D94,PLA220021450007D94,PLACA 2200*2145 D94,0.500
EMP104008500600D94,PLA220021450007D94,PLACA 2200*2145 D94,0.680
EMP104008500600D94,PLA220021450007D94,PLACA 2200*2145 D94,0.680
EMP104008500800D98,PLA233011650007D98,PLACA 2330*2145 D98,1.000
EMP104008500910D94,PLA220021450007D94,PLACA 2200*2145 D94,1.000
EMP104008500910D94,PLA220021450007D94,PLACA 2200*2145 D94,1.000
EMP104008501000D92,PLA220021450007D92,PLACA 2200*2145 D92,2.000
EMP104008501000D94,PLA220021450007D94,PLACA 2200*2145 D94,1.000
EMP104008501000D94,PLA220021450007D94,PLACA 2200*2145 D94,1.000
EMP105008500600D94,PLA220021450007D94,PLACA 2200*2145 D94,1.340
EMP105008500600D94,PLA220021450007D94,PLACA 2200*2145 D94,1.340
EMP105008500710D94,PLA220021450007D94,PLACA 2200*2145 D94,0.670
EMP105008500710D94,PLA220021450007D94,PLACA 2200*2145 D94,0.670
